percent_age_10_11,higher_education_percent,average_household_size,unemployment_rate,inactive_rate,nonwhite_percent,overcrowded_percent,lone_parent_percent,long_commute_percent,social_housing_percent,true_obesity,pred_lr,pred_rf,resid_lr,resid_rf,MSOA_code
3.045054375971,28.253448040420597,2.816760106226025,12.263234579893153,33.24691486052058,63.23864814430852,24.963072378138847,25.04424778761062,27.77023971053822,42.21238938053097,33.23442136498516,29.68098054561878,29.362280313923872,3.5534408193663793,3.8721410510612877,E02006793
3.619236489836391,40.84175084175084,2.8854466858789625,10.37854098771622,24.209351358055315,66.00918000248109,16.936936936936934,22.182211019085344,48.598130841121495,28.89048991354467,27.56756756756757,24.44096407387802,27.29606293064384,3.1266034936895473,0.27150463692372995,E02000065
3.307213643696704,27.62338648443432,2.588852262511238,7.468477206595538,28.39378238341969,25.642207118995508,9.580838323353294,19.730134932533733,38.49535906204201,41.86394965537909,21.036585365853657,22.622540442942423,24.020546862089716,-1.5859550770887658,-2.983961496236059,E02000140
2.726946537495515,43.0338733431517,2.4030153667729777,10.954516335682255,25.215208034433285,66.96567396244468,17.99709724238026,22.315728380731283,14.823529411764705,63.09075094230212,25.17241379310345,30.428851504815945,27.775788450840793,-5.256437711712497,-2.6033746577373442,E02000626
2.5948592411260707,29.385764365188237,3.38005965061781,8.795051102743411,34.798041615667074,90.34153507161218,24.46808510638298,12.697060076693653,22.708803611738148,20.4855195911414,22.831050228310502,26.60141935399507,23.50259400364562,-3.7703691256845673,-0.6715437753351168,E02000275
2.32135216089003,52.09896038952494,2.338824125696908,7.43127962085308,24.796573875803,41.28155755241763,11.660329531051964,10.4409528636594,21.878025169409486,23.28940699442473,20.535714285714285,21.449518457916714,21.109858058767497,-0.913804172202429,-0.574143773053212,E02000262
2.465291293629168,40.43195172304272,2.5135311379197915,3.7789940057336464,31.92123332037829,17.301710730948678,1.954397394136808,8.376792698826598,47.91519434628975,6.388526727509778,12.217194570135746,14.704531681146115,12.711306378618929,-2.487337111010369,-0.4941118084831828,E02000163
2.613009922822492,24.933389426447903,2.699362283631946,7.449002979601192,30.535950595500665,22.757859900717044,7.598784194528875,19.13599026467904,40.68040249161476,23.07925903431521,21.933085501858734,22.6279358398573,23.58548664699484,-0.6948503379985667,-1.652401145136107,E02000466
3.761716822890972,29.375810335247262,2.910124724871607,9.558599695585997,26.05207947673701,40.96236890808143,19.81651376146789,17.603822124219036,9.988584474885846,49.39360529217199,28.3132530120482,24.973595334610774,25.66289326848966,3.339657677437426,2.650359743558539,E02000348
3.3707865168539324,26.64243779703662,2.796346211440551,9.728622631848438,34.42935935511243,52.80076384468492,14.97005988023952,26.698593235558217,40.42553191489361,33.67255312780605,26.33451957295373,25.78743769483565,26.517968471232976,0.5470818781180817,-0.18344889827924504,E02000278
2.69185360094451,38.15375393376292,2.525216353327365,8.236117592160523,28.171839962232976,54.62591456219023,12.08955223880597,19.910447761194032,26.824358329139407,33.12444046553268,27.969348659003828,25.814161929650616,24.3770793232592,2.155186729353211,3.5922693357446285,E02000681
2.405308266519215,55.76599798274123,2.3978110341746706,5.720864328728304,30.227838760261967,26.367746102038936,4.581005586592179,9.446181330951315,45.316331535066205,7.53072625698324,12.5,14.793432262681005,15.019830491910623,-2.293432262681005,-2.519830491910623,E02000024
3.071087727884497,38.91968952954221,2.5459375,4.693971468016567,24.110091743119263,30.490639911905053,6.09375,13.097843075961238,28.876461616675144,11.170046801872074,18.94273127753304,19.3690933288593,16.29492603173884,-0.4263620513262616,2.647805245794199,E02000853
1.9049298879971777,56.80522442210013,2.320952185512005,8.21822240826008,21.878862793572317,47.02091976343896,12.320328542094456,10.720887245841034,15.566625155666252,30.281256415520424,22.61904761904762,23.74063335108069,25.982952153154386,-1.1215857320330684,-3.3639045341067657,E02000867
2.422145328719723,47.27896995708154,2.328049175024264,6.614135625596944,22.624809846494266,33.3517775625951,6.623586429725363,13.592233009708735,38.21571238348868,13.518758085381627,21.978021978021975,20.80731710347536,20.06446236614149,1.1707048745466153,1.9135596118804834,E02000141
1.428155056834742,64.81064021641119,2.229193899782135,6.278604118993135,18.268389855213293,36.28679685222967,7.84313725490196,8.783783783783784,20.089485458612977,23.62685265911072,26.89075630252101,21.90284832279969,21.772110890289063,4.987907979721317,5.118645412231945,E02000814
2.304092163686548,56.49045521292217,2.4554187931552085,5.784743028347545,29.63496637848223,37.99807969275084,4.354354354354354,9.203007518796992,41.16022099447514,6.011421701232342,19.875776397515526,15.923494772557817,16.024859358029968,3.9522816249577097,3.8509170394855587,E02000031
2.5921299188007496,41.579484562388366,2.5102260495156083,11.545538178472862,36.32011655739411,62.82384767453959,21.50537634408602,21.382463690156,10.766721044045676,57.90322580645161,27.747252747252748,28.26020228673677,26.164110581442987,-0.5129495394840227,1.583142165809761,E02000969
2.0699046754425785,58.97748696905845,2.4494960806271,7.619619019049048,21.36627906976744,51.26294748319099,11.210762331838566,9.07461348868474,18.06420699568759,21.10687878108895,26.31578947368421,21.94227788692124,22.568830736180708,4.3735115867629695,3.746958737503501,E02000894
2.2657387926849006,52.78506559031282,2.413603302535876,6.452572108236694,25.723758693191005,38.38751415170629,7.669616519174041,11.44767899291896,40.01699235344095,24.341329138812423,24.21875,19.646265334369485,19.11769382197398,4.572484665630515,5.10105617802602,E02006927
1.948051948051948,27.31516337900918,2.294354838709677,5.751888861808433,31.772199325590112,14.84443333749844,4.755043227665706,11.708860759493673,43.822714681440445,13.532968615030232,16.267942583732058,20.62792298801389,18.466475265515502,-4.359980404281831,-2.198532681783444,E02000483
2.257171981942624,39.55064194008559,2.271764316451506,6.004489337822671,29.83401281304601,21.929185487396182,5.4635761589403975,8.868299139642621,41.20996441281139,15.534945346141107,22.033898305084744,18.335546226676396,16.144816852628697,3.698352078408348,5.889081452456047,E02000340
2.537737912929337,52.876258794316456,2.5182440136830104,5.413665138616023,29.21225382932166,45.16411378555799,6.552706552706552,11.329348135496726,42.732919254658384,17.72079772079772,16.908212560386474,17.774964049434317,17.776105794301337,-0.8667514890478429,-0.8678932339148631,E02000040
2.511707109408259,52.387003085859504,2.3924398625429557,7.846715328467154,23.770258743247087,45.29562251279136,10.291595197255576,18.65338371693576,23.0718085106383,31.61688980432544,29.166666666666668,23.89285535873739,23.14641519293837,5.273811307929279,6.0202514737282975,E02000680
2.7256710539952325,49.03276746940387,2.6556382685414945,7.367260701818849,22.34307022995649,47.75763852925945,14.325068870523417,16.35410921125207,34.29533429533429,22.8287841191067,24.03560830860534,22.900230413124945,22.310448609875152,1.1353778954803957,1.725159698730188,E02000906
2.7974671581136,41.47210616859179,2.5444034440344403,11.294559099437148,26.5406427221172,55.47679803421227,19.53316953316953,18.69158878504673,37.45882352941177,42.75879026309319,27.93733681462141,26.33710089729683,27.495094466201827,1.6002359173245821,0.4422423484195832,E02000907
2.4812317088688127,30.505273099323155,2.664371772805508,4.63222193942479,30.78780177890724,13.127462193417209,1.8900343642611683,9.463179628355126,37.47657713928795,5.370051635111876,18.007662835249043,16.699200627934232,17.779581180844456,1.308462207314811,0.22808165440458694,E02000089
2.0576671035386638,39.68961278426552,2.525804289544236,4.5787545787545785,35.20775986367807,35.58410908614134,2.847571189279732,8.791946308724832,37.957124842370746,2.916526986255448,21.518987341772156,17.285226182046006,16.170904008004555,4.23376115972615,5.348083333767601,E02000219
3.3921933085501856,35.975545483292926,2.751599147121535,8.161660638465168,24.2283592480854,45.75628626692457,12.57995735607676,21.2108292474952,43.97843019772319,34.40699658703072,23.093681917211327,23.71508971563517,24.448781354713706,-0.6214077984238422,-1.3550994375023784,E02000072
2.598870056497175,43.5052827843381,2.61022805805114,9.40254652301665,29.52261306532663,58.43698957155421,16.234887737478413,12.551867219917012,13.2640586797066,51.45127850725639,26.93877551020408,24.815588859220775,24.62907396201017,2.123186650983307,2.3097015481939103,E02000865
3.350993377483444,35.732560122804024,2.6214335421016006,8.245521601685986,27.34488688980024,50.21169621593013,12.869565217391305,20.480668756530825,38.336820083682014,32.648799164636266,26.640926640926644,23.842979546153348,24.268243128011147,2.7979470947732956,2.372683512915497,E02006786
1.985586115605236,55.16870064608758,2.468653250773994,7.150745444505797,28.706020903871632,21.266568483063327,3.875968992248062,6.504065040650407,31.330472103004293,7.936507936507936,10.144927536231885,15.522508554399444,16.40298904788554,-5.377581018167559,-6.258061511653656,E02000607
2.401372212692967,55.05327245053272,2.372583479789104,6.797583081570997,23.74003678724709,36.06276048050993,8.333333333333332,12.075029308323565,31.90005810575247,24.597364568081996,22.093023255813957,19.977962464047685,19.159972222727877,2.115060791766272,2.9330510330860804,E02000665
2.200438001877151,33.38095856604754,3.5256650430872987,6.99922660479505,26.353677621283257,66.41627543035995,19.360902255639097,9.373828271466069,38.131313131313135,4.161979752530934,22.99270072992701,23.320986906882116,22.499789412504047,-0.32828617695510687,0.492911317422962,E02000442
2.352315061202768,50.43906333155934,2.333333333333333,9.56175298804781,26.54320987654321,57.73568844434986,14.357682619647354,20.211427133148756,16.26336522228475,47.48237663645519,35.204081632653065,27.319055506764805,27.79798570814329,7.88502612588826,7.406095924509774,E02000346
1.5204953366251277,55.51446796708884,2.35366568914956,8.608341525066704,28.95293288432924,64.85427765590724,15.347018572825023,7.158224134558967,13.835448219402377,25.22487289792726,25.233644859813083,24.082282446381715,25.763893016068206,1.151362413431368,-0.5302481562551229,E02000884
2.151887384560208,48.7199124726477,2.4903109508787744,5.682025132034238,32.68799856592274,32.971955917928504,4.166666666666666,7.662835249042145,46.90394929302779,5.610635421360973,12.31527093596059,15.635437260645926,15.759798829034317,-3.320166324685335,-3.444527893073726,E02000751
2.77016167155148,29.028683983749847,2.80531686358754,7.584006007133472,26.43026004728132,46.57275219816583,16.375838926174495,14.876476906552094,26.97068403908795,33.19914117015566,25.59726962457337,25.331408223727635,24.826486689245563,0.2658614008457363,0.7707829353278086,E02000548
2.4726526891522336,34.09411101718794,2.3935340022296545,5.205116894574327,29.224629418472063,23.742730071843997,4.463040446304045,11.87621968218567,40.847983453981385,5.716675962074735,12.690355329949238,19.024010494714396,18.16636555993281,-6.333655164765158,-5.476010229983572,E02000079
2.455720030803457,32.59733333333333,2.411035337879728,5.502313284864507,28.48827255606917,31.952054794520546,6.095041322314049,15.088879702356344,35.1027397260274,13.024602026049203,15.40785498489426,21.9105014375727,20.450291884126315,-6.502646452678441,-5.0424368992320545,E02000227
2.004008016032064,54.59257126403686,2.3090120663650078,6.805364080711869,19.568875711194806,40.74044394582899,12.81809613572102,11.599396454168238,28.360261258164314,15.120663650075414,23.18181818181818,22.98086967497829,22.99240059454413,0.20094850683988952,0.18941758727405045,E02000649
2.6224677716390423,43.67816091954023,2.656754627806223,10.500433902227364,27.90920480507038,68.17712938402593,19.90147783251232,13.388462295727503,17.372881355932204,46.09175034455602,24.708624708624708,26.338122932381125,24.59690242105549,-1.6294982237564177,0.11172228756921854,E02000875
2.564102564102564,38.5337347264034,3.0411378555798687,7.758861289422272,29.53145149734919,71.65974509523127,15.973741794310722,10.703363914373089,36.58008658008658,7.964989059080962,24.63054187192118,22.438212804033725,23.443586320853044,2.1923290678874565,1.186955551068138,E02000462
2.0251914052852555,45.692940997103214,2.3162710895052903,9.036969420356002,26.89127483648032,57.51819415320094,17.167381974248926,21.88215102974828,12.899786780383796,52.5035765379113,26.47058823529412,30.1689746113137,29.10290056416513,-3.698386376019581,-2.6323123288710093,E02000929
2.4313048482232773,69.04381763349299,2.3297515110812625,5.423213380638622,24.320046049791337,24.05755395683453,3.355704697986577,7.150050352467272,25.99243856332703,6.315082297615049,13.846153846153848,13.766705945881721,12.25671075932977,0.07944790027212711,1.5894430868240779,E02000271
2.239079897222562,48.17550598315852,2.623464770523594,8.542482155192262,29.67584097859327,51.07632093933464,11.003236245954692,10.98191214470284,20.67168500289519,21.23464770523594,23.33333333333333,21.483671284877154,22.68972780111461,1.8496620484561745,0.643605532218718,E02000110
2.297355873428695,62.63650546021841,2.275426874536006,6.475603119898422,23.613518197573654,28.941380431249325,7.558859975216853,10.076751671205743,12.85965942454492,25.105224065362712,25.71428571428571,18.805348763507,18.031134408038724,6.908936950778713,7.683151306246987,E02000392
1.6026711185308846,62.493472584856406,2.160279585442275,6.009984639016897,27.24747194132681,32.403600400044446,5.542168674698795,6.537997587454765,27.006444053895724,10.776277724204435,17.59259259259259,17.76090431315498,18.400871360282245,-0.1683117205623894,-0.8082787676896537,E02006792
3.0860591900311527,38.56856354976185,2.954427458898183,9.68050506982973,26.758781745645617,53.099756690997566,16.402877697841728,18.782458165031738,33.76399655469423,34.7851168156908,26.43391521197008,24.15099851568621,26.390925337535123,2.28291669628387,0.04298987443495861,E02000903
2.52760023242301,36.33463310882666,3.078888390856118,8.058198097369894,30.04067402672865,66.49245063879209,14.798206278026909,11.319910514541387,30.30803080308031,4.661586732406993,26.60944206008584,22.458923366385385,24.05458690188029,4.150518693700455,2.5548551582055516,E02000242
2.4079500573321444,45.86466165413533,2.3455418793155207,8.92933618843683,25.216284987277355,51.22168490710104,14.992503748125936,20.384268988291804,14.292565947242206,52.91291291291292,26.10294117647059,28.062931558849918,26.91266197752515,-1.9599903823793277,-0.80972080105456,E02000623
2.3501362397820165,32.634098268337326,2.712779156327544,6.6339066339066335,29.83431684067181,39.83887439010553,8.850931677018634,12.492250464972102,37.94117647058823,12.298636926889715,21.962616822429908,21.431420960045486,21.019601359983394,0.531195862384422,0.9430154624465139,E02000899
2.5537180785240183,50.98260992506716,2.7154271665642287,4.779563246806758,25.01967839874058,35.66685424873382,5.22273425499232,8.52760736196319,34.29347826086956,5.280933374270801,18.3206106870229,16.588390160229004,15.947780182561338,1.7322205267938955,2.372830504461561,E02000708
3.011904761904762,45.99116161616162,2.6274447949526816,9.61045019827385,24.410854558438466,55.3042028812954,17.377567140600316,19.85479797979798,16.107751511819682,42.88419059640265,25.396825396825395,26.16507454879669,27.357933356873858,-0.7682491519712933,-1.9611079600484622,E02006918
2.411852532445159,41.10358737934015,2.5233536408471133,6.37385086823289,23.51996328591097,50.7346189164371,8.99854862119013,17.121300058038305,33.25159391858754,12.73940800928613,22.692307692307693,24.268548513597118,22.20036276397333,-1.5762408212894243,0.49194492833436243,E02000210
1.4472514916846515,68.37305089732274,2.16583885209713,6.530773797743914,22.15591670898933,36.52626236995686,8.149171270718233,9.058271195802265,13.615023474178404,17.250897046646426,26.168224299065415,20.766831083754973,22.005707281451432,5.401393215310442,4.1625170176139825,E02000965
2.954733483039829,33.00225733634311,2.740680713128039,8.000955337950801,29.025023607176585,29.893742621015345,9.253246753246753,17.925445705024313,33.31584470094439,39.88326848249027,22.92490118577075,22.129716349165747,23.767658181834154,0.7951848366050029,-0.8427569960634038,E02000337
2.309363210243512,42.12218649517685,2.9822608695652173,7.503573130061934,33.83278051012238,67.26129216695254,14.26086956521739,15.598885793871869,37.97260273972603,22.36521739130435,25.0,22.964939628505675,22.34112059857104,2.0350603714943247,2.6588794014289583,E02000098
2.3491592482690407,55.24330720307646,2.265277386651648,7.831598008148484,28.95843641761504,35.98812762799901,10.56338028169014,14.990138067061142,10.192837465564738,42.43874964798648,19.65811965811966,22.118601357552055,23.177010250116144,-2.460481699432396,-3.5188905919964846,E02000174
2.645217015763334,37.824962569756366,3.120420624151968,6.439473134016308,27.694465422375657,60.70349589987052,17.31748726655348,11.906377204884668,40.754897276636406,10.312075983717776,22.380952380952383,22.06144945146308,22.635491172240545,0.31950292948930326,-0.25453879128816226,E02000439
1.7420905086103322,46.87311724304133,2.47625,8.920591268477141,24.84229498347852,60.99929908881546,21.4017521902378,15.107553776888444,30.178926441351887,32.749562171628725,21.92513368983957,28.218732136343625,28.11751589764802,-6.293598446504056,-6.19238220780845,E02000725
2.202293109320013,46.35852420792758,2.445186421814135,9.671065589915305,25.087978204109437,65.05614154474311,16.71309192200557,19.666203059805284,17.423259835711196,48.88765294771969,33.587786259541986,29.286832405099787,29.278842930849674,4.300953854442199,4.308943328692312,E02000828
2.279677509035307,56.02012491325469,2.5945155393053017,6.645492303933545,23.243844762832104,42.58486366165832,9.87202925045704,14.908424908424909,23.124147339699864,22.30347349177331,23.07692307692308,21.703507480878983,22.458196938249575,1.3734155960440972,0.6187261386735052,E02000666
2.620995701012342,34.04405286343612,2.552275960170697,5.749318801089919,27.77700734988213,38.70252287219296,7.104795737122557,14.24511545293073,37.998875772906125,14.4076840981857,34.065934065934066,21.47566985029513,20.55223559220851,12.590264215638935,13.513698473725555,E02000069
2.2387348766314186,49.39927679925347,2.4164500118175374,5.663881151346333,30.35901342729264,41.68888042650419,5.555555555555555,11.032364753130167,44.33094994892748,9.761285748050106,14.468085106382976,18.222692755405543,17.46304555679523,-3.7546076490225673,-2.994960450412254,E02000230
2.8708133971291865,63.92946205913786,2.3527658164955283,5.351602895553258,24.55696202531645,13.528336380255942,2.4834437086092715,7.71523178807947,29.854576561163388,6.129887342611,9.554140127388536,12.325123694955824,11.397856828725356,-2.7709835675672885,-1.8437167013368203,E02000801
1.9775014801657784,56.42907551164432,2.1539050535987747,6.592312288388767,24.4441816461684,37.90084013726186,9.183673469387756,13.855575401888236,19.711236660389204,30.594539423322274,19.230769230769237,22.796546110461527,23.21147909054795,-3.56577687969229,-3.980709859778713,E02000416
3.539535638902419,32.28753852928226,2.7748074309016766,9.4742413549753,27.7146567115728,58.887535525781566,16.64779161947905,27.28302741898935,45.52929085303186,25.34510070151618,26.47058823529412,26.377963305903165,27.99972152958043,0.09262492939095424,-1.5291332942863107,E02000279
2.510966570866737,57.68598062511424,2.4122950819672133,7.780805328489253,32.858873410054514,13.948205361199456,2.658486707566462,7.292093404342482,33.84146341463415,7.295081967213115,5.714285714285714,12.26433533795197,14.026006614126928,-6.550049623666255,-8.311720899841212,E02000799
3.3612311015118785,31.818181818181817,3.273496659242762,11.753494282083862,30.573936529372048,84.03565640194489,30.444444444444446,19.083629893238435,36.11922852133255,38.46838824577026,27.35294117647059,28.059962279841447,26.458129033975148,-0.707021103370856,0.8948121424954429,E02000718
3.8282208588957056,34.53851744186046,2.994579945799458,7.469118069520253,24.785276073619634,32.515337423312886,18.7984496124031,13.036750483558995,9.782608695652174,33.53989155693261,22.54901960784314,21.069555693294628,24.14512589862425,1.4794639145485107,-1.5961062907811119,E02000347
1.4242627345844503,56.78209297876411,1.941581883820151,9.697364139277578,36.08833863142045,38.25941422594143,6.732348111658457,9.076015727391876,12.695109261186262,32.29405973088284,18.91891891891892,20.834214634046063,20.588108851077635,-1.9152957151271437,-1.6691899321587158,E02000590
2.6448581868801115,39.723097703737054,2.9396008403361344,10.247683872187558,31.258151465089988,72.59059702789607,23.390275952693823,14.972419227738376,14.822912111937036,55.23210070810386,27.77777777777778,27.375511678535773,26.241034049680785,0.40226609924200574,1.5367437280969938,E02000882
1.990570979570456,51.36819702037093,1.9828303850156088,9.919028340080972,34.35904150844573,44.5273631840796,10.663198959687907,12.61706555671176,10.34231609613984,47.45057232049948,26.23762376237624,23.444930265393015,23.258774229355325,2.792693496983226,2.9788495330209166,E02000982
2.095940959409594,43.50613665506503,2.6123552123552125,5.94885598923284,25.73540280857354,37.071513002364064,6.756756756756757,12.007722007722007,45.78059071729958,14.683153013910356,16.363636363636363,20.42409790095928,20.091132185114752,-4.060461537322915,-3.7274958214783886,E02000754
2.5710204729408037,67.1777950310559,2.1945224719101124,5.020796197266786,28.34470718933503,20.669416243654823,3.5149384885764503,6.122448979591836,38.19444444444444,18.33861316437874,13.402061855670103,12.383014373218934,14.143707349796182,1.0190474824511693,-0.7416454941260788,E02000789
2.5316455696202533,28.753560287535603,2.885619933953768,7.972119363972991,28.885889315751218,44.2171926910299,11.26126126126126,19.57957957957958,30.344827586206897,30.96096096096096,26.4797507788162,25.456688064371505,24.290759571294444,1.0230627144446949,2.188991207521756,E02000518
3.04872432532007,37.79612347451543,2.66950852557673,8.943237817119911,26.52177916935261,57.1994472593275,12.170639899623588,20.46080641121964,32.623574144486696,30.9679037111334,20.59701492537313,25.08163386744799,25.379420729828315,-4.48461894207486,-4.782405804455184,E02000221
1.537496077816128,56.34843712139569,2.37413749041656,6.828087167070218,21.528795811518325,47.12102177554439,13.282247765006383,15.98569969356486,13.574660633484164,41.91570881226054,28.14070351758794,26.915821045557706,26.65346746780266,1.2248824720302345,1.487236049785281,E02000627
2.856250975495552,46.72539256989659,2.561171279582832,4.765013054830288,33.73456307644208,27.936805881432814,3.807615230460922,8.718360787464844,36.97916666666667,3.4524287434765157,13.836477987421384,13.869983984059125,14.265177570906312,-0.03350599663774112,-0.42869958348492787,E02000293
2.4542080689572607,50.60187249219796,2.2721013494904985,5.729275970619097,23.48149035581646,39.616766467065865,7.565337001375516,11.68545504536706,37.750556792873056,9.980753368160572,16.3265306122449,20.01902317381662,18.04062856986398,-3.692492561571722,-1.7140979576190816,E02000222
2.991645969744863,27.649030753534472,2.52309007981756,7.860063607451158,27.7834179357022,30.274297324754485,9.428571428571429,18.692922374429223,36.30348478164976,36.83609366076528,28.205128205128204,23.721791503762255,23.791332142266228,4.48333670136595,4.413796062861977,E02000074
1.6326530612244898,60.76771097939599,1.904786150712831,7.412429378531074,32.892296277977,37.16157745085919,6.24203821656051,8.335457557991333,9.907997169143666,28.87700534759358,22.22222222222222,19.86913543757173,23.161637158601977,2.3530867846504897,-0.9394149363797553,E02000979
2.83869742713377,45.18348623853211,2.494408755650725,8.147053389987068,27.28050171037628,40.2698593690612,11.17717003567182,16.892695693552223,27.57238307349666,21.22798667301285,21.21212121212121,21.82886906968672,23.584374464581785,-0.6167478575655103,-2.372253252460574,E02000045
2.155780828949057,31.657268170426068,2.408690176322418,5.578664056765353,29.44494295603128,18.249391259771883,6.761006289308176,12.279596977329977,39.25373134328358,20.056675062972293,18.5,20.85062133455758,19.596485161788063,-2.35062133455758,-1.0964851617880633,E02000496
2.054794520547945,55.34073769367887,2.4586466165413534,9.013605442176871,23.21345707656612,46.2877030162413,12.716763005780344,14.430306535569692,20.0,34.065934065934066,24.13793103448276,24.10154172007176,26.767464923763008,0.03638931441100013,-2.6295338892802462,E02000658
2.257134334294521,55.15667406859117,2.324675324675325,4.941257774706289,23.034880254397297,30.201608898599662,4.988399071925754,8.669448307834957,43.00291545189505,5.589053803339518,18.5792349726776,17.198828218304946,14.765601963673197,1.380406754372654,3.8136330090044037,E02000144
2.9740690672237924,40.97644673217907,3.225793491361993,7.64186633039092,30.113216834851094,78.88970950270803,16.867469879518072,11.36546184738956,44.71921689850593,6.147047006830053,19.618528610354225,20.896226094225074,23.422032997888003,-1.277697483870849,-3.8035043875337777,E02000770
2.223064292029809,66.75281240498632,2.271362586605081,5.101387406616862,23.894364417488,33.01743745261562,6.0606060606060606,8.22985850418712,17.782738095238095,11.842865395725015,12.62135922330097,16.97823425224622,15.15634282931854,-4.35687502894525,-2.534983606017569,E02000170
3.0387166435292303,63.500287852619465,2.520440251572327,4.840649428743235,29.04320987654321,33.410493827160494,4.322200392927308,8.444619010212097,31.73708920187793,4.8742138364779874,10.909090909090908,12.53213228970619,11.310303294006847,-1.6230413806152821,-0.40121238491593836,E02000250
0.8548790658882403,71.35955056179776,2.2396151138230462,4.47661171424742,15.029203170629954,30.39123630672926,6.096131301289566,8.683407650786199,12.37020316027088,21.460436722235265,33.0188679245283,22.381793259446916,20.581546350408974,10.637074665081386,12.437321574119327,E02000632
2.5807666949232364,40.17524906973953,2.680275580505231,9.171545148128438,25.36498069134407,59.62896694604012,16.347381864623244,16.917581015565194,40.32667876588022,31.360040826741518,24.271844660194176,25.644174567999315,25.48187966704211,-1.3723299078051383,-1.210035006847935,E02000319
2.7320034692107544,49.964450764308566,2.554069545280856,8.991825613079019,28.30488863176164,44.79965282800521,11.494252873563218,17.15049656226127,14.160485502360082,36.8943151468905,30.76923076923077,22.708540443856144,24.825870185605645,8.060690325374626,5.943360583625125,E02000374
2.340470193115029,60.87994971715902,2.497058823529412,6.817420435510887,20.82326997794813,42.51679261125105,10.02673796791444,11.780455153949127,12.21303948576676,27.814923776410804,15.668202764976956,21.297957482331025,21.80056347452121,-5.62975471735407,-6.132360709544253,E02000631
2.943152802042736,50.235373234700745,2.7989437947944174,4.618310241782124,30.489115829078205,28.00107541336201,2.4528301886792456,7.053941908713693,30.66764490095378,2.564102564102564,12.236286919831224,12.784020426997134,13.346337539614266,-0.5477335071659102,-1.110050619783042,E02000611
2.338072669826224,46.786188579017264,2.709527946713003,7.06713780918728,25.61052631578947,59.48021885521886,16.08695652173913,10.895392639814547,41.03585657370518,6.5778035352071855,17.391304347826086,22.08863634979415,22.44632775475798,-4.697332001968064,-5.055023406931895,E02000452
1.7144778126400717,54.311608689857394,2.153323629306162,7.232267037552156,27.692480107587137,33.094250812507006,8.363636363636363,14.167879670063076,10.25965801139962,45.8030082484231,17.20430107526882,23.707970214562806,23.288396792842853,-6.5036691392939865,-6.084095717574034,E02000571
3.2026970080067425,32.19078708741386,2.731257208765859,7.474009553245294,27.46696654484116,38.93730671914535,10.76923076923077,14.544055405925354,26.86403508771929,21.16198537899192,23.0,21.518452638458083,22.91581165504528,1.4815473615419172,0.08418834495471827,E02000553
3.2963549920760697,31.118832522585127,3.0680338541666665,9.170013386880855,28.683153667300783,64.0139505389981,18.729641693811075,20.59206245933637,29.476818375159507,30.62154246664497,20.498614958448755,25.959135326318563,25.758456068285003,-5.460520367869808,-5.259841109836248,E02000246
2.205357142857143,39.22621657167909,2.731953683173195,8.717785555202036,25.36154258168185,56.420789426683335,18.96551724137931,18.36332265220606,31.537356321839084,38.08819906380882,25.198938992042443,27.893386010368907,28.16584616865931,-2.694447018326464,-2.9669071766168678,E02000921
1.8847889567294929,46.47418697005474,2.5034467422726263,7.14173352210162,26.19426751592357,35.30348610865334,13.125695216907676,12.18319253001334,37.72819472616633,7.942157953281424,21.26696832579185,21.80606686992888,21.709005960665507,-0.5390985441370297,-0.44203763487365677,E02000312
4.250913520097442,26.97110904007456,3.0668728256667954,6.011088415523782,23.639912173700903,31.381161542215715,17.408123791102515,10.89223638470452,10.35031847133758,22.209347238315956,22.608695652173918,19.7737105590733,22.262788223260653,2.8349850931006166,0.3459074289132644,E02000345
3.083321382475262,39.45105215004575,2.648814078041316,9.689585146504209,28.982173663024728,57.58620689655173,16.091954022988507,17.649310872894333,20.6126356094448,27.390971690895174,19.895287958115183,24.507958275292935,25.931095328182632,-4.612670317177752,-6.035807370067449,E02000062
2.648389672611126,29.33333333333333,2.5963207219715376,13.674472390864413,32.78361484239925,66.52914559488954,24.305555555555557,23.541666666666668,39.850488786659,42.68843348384856,26.811594202898554,30.42660437760147,28.279974944998404,-3.615010174702917,-1.4683807420998498,E02000398
2.9619332763045336,28.410847267106927,2.6728677733257014,7.43073047858942,25.189941144997324,26.078116639914395,9.455587392550145,16.437571592210766,49.47643979057592,32.91356611333715,20.306513409961685,22.11763535226289,24.33932678136582,-1.811121942301206,-4.032813371404135,E02000465
2.097091878113776,46.01131541725601,2.6291653928462244,6.988226357766807,20.93858632676709,46.015751679407,14.701378254211331,12.832263978001832,28.77893781207445,18.83792048929664,24.43438914027149,24.357396060424502,22.90885062068034,0.07699307984698933,1.5255385195911515,E02000696
2.3310741425344013,42.17581850992524,2.9437824625725635,7.722082446293788,26.619443588953903,56.39499076165059,16.539050535987748,14.539332721150902,28.74940105414471,23.18042813455657,26.34730538922156,24.25694813493446,24.172072576011455,2.090357254287099,2.175232813210105,E02000912
2.3836985774702035,32.920634920634924,2.733050847457627,4.688627073815821,27.48687748047625,26.81614349775785,4.770318021201414,11.095406360424027,26.217038539553755,2.545968882602546,18.614718614718612,19.657087339952948,21.338781086174958,-1.0423687252343363,-2.724062471456346,E02000713
2.778473091364205,48.53681560730018,2.5543095161807114,8.239171374764595,26.392888443721045,41.75328741390106,14.903846153846152,18.98652982681206,32.149532710280376,29.5003203074952,20.920502092050206,22.96880653484511,24.16525610800786,-2.0483044427949046,-3.2447540159576533,E02000400
3.4250764525993884,33.720351633770115,2.553224796493425,8.430675469781615,25.57485322896282,47.01565557729941,12.519561815336465,21.83296840788239,41.92118226600986,29.49279899812148,29.02097902097902,24.362281289659492,24.863899026712975,4.658697731319528,4.157079994266045,E02000068
2.5781157181893786,40.37112116014346,2.9592499098449334,8.99922420480993,30.297993588982543,79.46067949631741,27.25631768953069,13.013698630136986,39.3956043956044,9.372746935832732,25.925925925925924,25.32093240944583,24.100372750610756,0.6049935164800928,1.825553175315168,E02000779
2.1157894736842104,58.27473631341034,2.3954918032786887,5.517125021089927,21.44436256448047,39.33873854901548,9.090909090909092,10.064020486555698,19.47392708814029,11.555213937996411,19.8581560283688,20.445195578857366,18.922846547919274,-0.5870395504885657,0.9353094804495257,E02000646
1.8128499066915489,64.71152309413458,2.223052959501558,4.346926102256261,18.98987206823028,29.161668665866987,5.451713395638629,7.256306446589847,20.30716723549488,20.53599252103459,22.82608695652174,19.046089822188584,18.752491334551323,3.779997134333154,4.073595621970416,E02000953
2.404058226731363,44.40578648599158,3.251647546985599,7.187593200119297,31.034989708909144,79.14399176349464,13.91941391941392,10.5224609375,36.72152307195869,5.565047595801806,18.65671641791045,21.15575283358291,22.476599774402015,-2.4990364156724603,-3.819883356491566,E02006924
2.102312543798178,63.109444255028976,2.237929946355317,5.179593961478397,28.351740528449604,12.59093452714046,2.843601895734597,7.190160832544938,32.94117647058823,10.321969696969695,6.25,13.702426009909047,13.387668000570986,-7.452426009909047,-7.1376680005709865,E02000804
1.8699605421170011,57.31848271514133,2.4117276166456496,7.200610221205187,25.37070369418017,65.57545633730398,13.23529411764706,8.468165581004412,39.8745850239764,13.366960907944511,23.134328358208958,21.918585789588523,22.421390837366292,1.2157425686204348,0.7129375208426652,E02000455
2.750786916655262,42.653276955602536,3.0053874844591792,8.180574555403556,27.59846827133479,74.89396634286496,15.767634854771783,15.665147119767925,34.54339194554736,27.28778467908903,20.416666666666668,24.357221087161967,23.611698839031718,-3.9405544204952996,-3.1950321723650497,E02000460
2.574079616881173,39.94323557237465,2.5698302469135803,5.660377358490567,26.789457921533398,18.591760299625467,3.667953667953668,11.038209185642607,34.64624361779723,13.662678502508683,17.5531914893617,17.751306012444783,16.065223124207343,-0.1981145230830812,1.4879683651543587,E02000335
2.672903441363181,59.462055715658025,2.349135673127292,5.935976256094976,28.609625668449198,26.15041782729805,5.897771952817824,10.002618486514796,26.23178348369188,20.136161298769316,18.421052631578945,15.679180695021515,16.134466550483587,2.7418719365574304,2.2865860810953578,E02000532
1.6705853235985644,73.11513734658095,2.148839690584156,5.172413793103448,21.510835913312693,31.71184552543632,5.725699067909454,7.546666666666667,15.420928402832416,17.524673246198986,20.87912087912088,18.154613814604563,20.49683324427843,2.7245070645163167,0.38228763484244865,E02000181
2.8541714813958863,31.936782466080217,3.045809659090909,8.872502378686965,28.96623496762257,74.17302798982189,16.873889875666073,17.158081705150977,26.59917165209388,19.056068133427964,24.836601307189543,26.142735426175562,24.926011661868014,-1.3061341189860194,-0.08941035467847058,E02000516
2.664748595698041,39.24567654471191,2.7683089214380825,5.975302084716505,27.24220623501199,48.95497841430823,9.505703422053232,12.378779235596122,47.93707331552389,10.140791476407914,26.47058823529412,20.205564276583765,20.78280318893805,6.265023958710355,5.687785046356069,E02000756
2.560191742019828,36.3229914645712,2.607215594995636,7.283212302434856,29.336818033322444,47.19076655052265,13.953488372093023,14.107038976148925,26.404245908889877,19.837114601512507,25.89641434262948,23.408114292869648,23.195825060823196,2.4883000497598324,2.700589281806284,E02000710
2.9528718703976438,35.48985077393642,2.4443040259974724,9.988402435488547,28.644030345437137,61.821662616891246,17.073170731707318,22.430919270363013,18.444165621079048,34.68761285662694,31.0546875,28.39227938753406,26.251858436276684,2.66240811246594,4.8028290637233155,E02000123
3.67334232645014,28.219620508679853,2.91314910416034,14.363817097415508,35.37902388369678,79.65116279069767,23.10030395136778,28.792946184250532,21.923268560039865,58.2547886895713,27.40384615384616,30.52150395318357,28.359083005866225,-3.117657799337408,-0.9552368520200645,E02000113
2.0703711649860543,47.22222222222222,2.681924882629108,7.788336128190795,23.4984984984985,48.06949806949807,16.422287390029325,13.791079812206572,35.05434782608695,26.00528324038744,20.920502092050206,24.305008084347016,24.291960570360935,-3.384505992296809,-3.3714584783107284,E02000918
2.7033699543266265,44.93217497332724,2.5581766018489,5.687986783101251,28.657784357266223,26.61897125940545,4.952076677316294,10.781499202551831,25.832305795314426,10.6892150606254,14.912280701754383,17.280262761676486,16.881486578600786,-2.3679820599221024,-1.9692058768464022,E02000793
1.9160211985324092,26.621271076524,2.436935429909669,5.557018698972873,32.23657375934738,18.68116927260367,3.8461538461538463,9.361417586091608,46.08019150209455,3.3444816053511706,18.75,19.358385660602593,17.395445986053108,-0.6083856606025932,1.354554013946892,E02000486
2.243654822335025,51.22733440236832,2.679042904290429,5.693402577418735,29.507364144235652,59.84164044259466,9.766162310866576,9.24092409240924,42.2963689892051,8.521165475536009,20.812182741116757,19.18667979346263,17.515195980693615,1.6255029476541267,3.2969867604231418,E02000434
3.0664395229982966,37.94927932858968,2.696708463949843,9.16389811738649,26.50277106721614,51.76086339108208,13.0859375,17.787333854573887,41.40893470790378,25.7433489827856,28.512396694214875,23.26891076806499,24.772450606310784,5.243485926149884,3.739946087904091,E02000320
2.065978007330889,35.267766239055184,2.508445214378519,11.859219586840092,38.28476269775187,47.03530979347102,18.655097613882862,23.407022106631988,10.44776119402985,72.58553486357731,25.0,29.674089718429194,24.699244721612462,-4.674089718429194,0.3007552783875376,E02000578
2.5760649087221097,53.05241781952025,2.55948298601952,8.443113772455089,29.085563665855634,45.508010545528286,10.540184453227932,13.535620052770447,34.822888283378745,19.06645569620253,17.985611510791365,19.5817091274582,21.783758407743647,-1.5960976166668353,-3.7981468969522822,E02000255
1.121595157557415,66.44440086291429,1.9610662925289373,5.789473684210527,23.138582116138227,30.192376202351262,6.666666666666667,5.614035087719298,14.297658862876252,17.315106905012268,18.51851851851852,20.287924558894623,20.88909974946288,-1.7694060403761043,-2.37058123094436,E02000385
2.439222701032604,37.72580139918555,3.0452935222672064,10.037234903674925,27.64141742522757,77.53576072821846,24.81012658227848,11.873417721518988,28.8450206246317,24.03846153846154,28.698224852071007,26.723213784485047,24.000387705808745,1.9750110675859602,4.697837146262263,E02000542
2.0723504817305947,62.04858831254104,2.1977582065652523,6.251934385639121,24.29193899782135,28.16415471218449,6.2,9.48,18.787878787878785,25.590708850620747,20.5607476635514,18.776020157559273,16.963113414139492,1.7847275059921266,3.5976342494119073,E02000380
2.097223905927991,46.76918527280792,2.6483587910302244,4.710059171597633,30.744062045564714,36.31298449612403,3.414634146341464,7.607282184655396,32.47058823529412,4.383116883116883,14.83050847457627,16.858777219513453,15.584944872237308,-2.028268744937183,-0.7544363976610384,E02000612
2.585709338566317,39.854333576110704,2.5725350014894253,7.651207522974994,25.23957972520494,46.83208309290248,15.476190476190476,16.91986893059279,30.34734917733089,34.37686344663089,22.448979591836736,25.22012411386136,23.8514385947515,-2.771144522024624,-1.4024590029147639,E02000700
2.824200025910092,36.35300016714023,2.5745688197497465,11.344430217669654,26.91012691012691,57.266839378238345,19.289340101522843,21.15579587698547,39.71315529179031,50.40485829959515,25.2,27.99105814446787,27.95750091646137,-2.791058144467872,-2.757500916461371,E02000321
2.3953866627236438,35.716925351071694,2.476312890194638,9.090909090909092,27.672770230360307,48.23407713905719,10.622710622710622,19.045871559633028,38.0281690140845,35.42584434654919,24.413145539906104,25.82856744491109,25.101365930613014,-1.4154219050049868,-0.6882203907069098,E02000683
2.729282610352977,34.101471727343146,2.9771880819366854,10.42622950819672,32.22756043620834,79.98017839444995,19.441210710128058,19.161816065192085,24.78659500474233,40.08841321544905,23.11557788944724,28.00610197052693,25.290443023379286,-4.89052408107969,-2.1748651339320446,E02000266
2.6946758420862005,47.32796486090776,2.785874211276206,10.528488852188271,26.518936925193717,66.14036358368944,19.0233977619532,12.12861212861213,16.554413328606877,42.47913698351313,31.08433734939759,24.784909808500977,25.099077032935448,6.2994275408966125,5.985260316462142,E02000877
3.6188545362392297,36.2289007822149,2.812034383954155,8.777292576419214,27.43389727484551,54.56387397426806,17.478510028653297,22.71555428244056,43.73503591380686,42.636103151862464,28.921568627450984,24.553118435528823,26.946123798910094,4.368450191922161,1.9754448285408905,E02000315
2.4737779536908766,30.512003919647228,3.335773710482529,9.881498470948012,28.996834190740007,80.02769809081018,22.129783693843592,11.717709720372836,24.684343434343432,14.946737683089214,27.62237762237762,26.41799479796961,23.92019776945261,1.204382824408011,3.70217985292501,E02000538
2.9814487632508837,35.09924318149365,2.950701926216128,7.010989010989011,26.994812934554684,78.23977059666925,15.849673202614378,19.954278249510125,26.895734597156395,19.000979431929483,22.56267409470752,26.803759940970956,24.62092585519489,-4.241085846263434,-2.0582517604873694,E02000209
2.731265440570958,27.354099534550663,2.662217278457545,6.448814343551186,29.218728545928872,28.82635552505148,8.518518518518519,18.45127825120415,46.22857142857143,30.196369025565023,21.93877551020408,22.666149899515368,23.487275595582783,-0.7273743893112865,-1.548500085378702,E02000469
2.26677412855128,47.93449034465901,2.3809638554216868,9.882088714205503,28.613182826043136,55.72911417917968,13.959085439229844,18.341769100988188,13.555992141453832,57.82378430428503,26.18296529968454,27.107410636933054,27.05499583530751,-0.924445337248514,-0.8720305356229687,E02000368
2.577132486388385,51.77050649932765,2.7400548696844997,7.838265190874181,27.38699540729997,39.58459123294288,7.876712328767123,12.82578875171468,25.20846696600385,14.981145011998628,16.39871382636656,18.875331614627214,19.881295241580137,-2.476617788260654,-3.482581415213577,E02000958
2.5048169556840074,29.847362853256765,2.5125076266015864,4.8007918831972285,31.022029613578912,21.51197785000602,4.420731707317073,11.832875876791704,38.96739130434783,14.181152790484903,27.3542600896861,19.122402794270066,19.061036894093913,8.231857295416035,8.293223195592187,E02000081
1.696415400501549,58.74766672323095,2.1596909207984547,6.488991888760139,23.290503618372476,42.77277425070131,10.77170418006431,13.762057877813504,16.402116402116402,42.567567567567565,26.71232876712329,24.613407833245713,26.070179691609837,2.098920933877576,0.6421490755134514,E02000634
2.598834462120019,33.70544457500979,2.456215292609996,9.01948460087995,30.32451165721487,27.322834645669293,7.6923076923076925,15.02988898377455,38.97550111358575,30.085470085470085,25.97402597402597,21.41556977331836,20.507499903633615,4.55845620070761,5.466526070392355,E02000342
3.888888888888889,28.86804384485666,3.068097705403405,9.381939304219095,31.97528933375039,65.9261576971214,20.71516646115906,22.685756603307823,35.046567781993794,23.538119911176903,24.153498871331827,24.645056524744717,26.30736421046347,-0.49155765341289026,-2.1538653391316416,E02000288
2.2667059169855754,71.15658362989323,2.122735790131168,4.933964615001246,23.66367250773082,23.307828134196587,4.83619344773791,6.279287722586692,16.218905472636816,12.83572767020612,8.0,15.035999066412884,13.721582011207186,-7.035999066412884,-5.721582011207186,E02000429
1.2476771967082558,66.88350983358548,2.1793002915451893,4.8088293259755615,20.36619344566804,28.08064730070301,6.705539358600583,9.734771203730691,12.598944591029024,24.336928009326726,23.809523809523807,21.36266910893764,21.75856407841176,2.446854700586165,2.050959731112048,E02000630
1.8931868645553347,66.99820417184694,2.226503514709711,5.221188532371369,23.0481533426835,27.63819095477387,5.859375,9.775808133472369,12.23175965665236,27.871841625423286,21.52777777777778,18.945430036434743,19.8193980119658,2.5823477413430354,1.70837976581198,E02000566
1.708350416837502,41.18673647469459,2.4170731707317072,8.74184979473557,29.575542513989355,51.304110337293466,17.217391304347824,15.92334494773519,25.34633145202668,34.66898954703833,27.1523178807947,27.351783874514055,25.99469452112789,-0.19946599371935392,1.157623359666811,E02000412
2.588396171127173,34.48014166455856,2.565905096660809,7.324364723467862,24.92665753960493,41.47104851330204,11.91969887076537,17.996987951807228,39.69322858211747,20.185789605824755,26.605504587155966,24.517125288471185,23.05416166717681,2.0883792986847816,3.551342919979156,E02000067
2.5048964024327387,45.94594594594595,2.359494924486259,4.732852652985764,23.93030209299928,23.20931670617335,4.084158415841585,10.544554455445544,41.650390625,8.219856400099035,17.903930131004365,17.7732793046362,14.235123377905573,0.13065082636816427,3.6688067530987922,E02000146
2.2353636901241867,46.53217493741717,2.695453058554138,7.863695937090433,26.191320799337824,52.259285545304,9.15032679738562,14.883873078181225,32.44709712425393,10.794896957801766,25.0,22.395018735560157,21.3175887733398,2.604981264439843,3.6824112266602,E02000674
2.728605254256399,32.6473075838737,2.6339712918660285,4.9523809523809526,26.72083051229971,21.601804850535817,6.88622754491018,12.687013764213043,29.0917068889864,19.61722488038277,24.738675958188157,20.108473116329332,19.894780720040103,4.630202841858825,4.843895238148054,E02000617
3.3189850475758944,31.137197358767427,2.818474412616672,8.47378277153558,28.79972798367902,55.58200158676188,15.112540192926044,16.763191763191763,29.614325068870524,25.885383129426916,19.269102990033225,23.756147401151644,24.501952702015373,-4.4870444111184185,-5.232849711982148,E02000512
2.3090992226794693,50.20815986677769,2.471974705375108,6.772753735687949,23.521336231552453,42.76232978601671,10.057471264367816,12.650948821161586,34.45878848063555,16.87266455878126,19.170984455958543,21.446722662854015,20.68967998604216,-2.275738206895472,-1.518695530083619,E02000651
1.8230838361792272,53.06897599513826,2.196749854904237,8.492429229756418,25.993844575532187,39.61513790891597,11.46589259796807,13.635044966637654,14.277180406212665,34.35867672663958,20.118343195266277,24.28939261454814,24.507228339035418,-4.171049419281864,-4.388885143769141,E02000377
1.7266569265506706,63.67115737905695,2.1294321130008647,4.5125958378970425,26.155685441020196,27.23528630264381,7.636887608069164,8.160322952710496,12.193548387096774,13.260305563562984,25.60975609756097,18.628938834718856,18.733565163520268,6.980817262842116,6.876190934040704,E02000923
2.0025614157643497,54.31905507328874,2.381578947368421,5.423122765196663,23.162790697674417,31.011627906976745,8.403361344537815,10.078387458006718,34.29978118161925,13.585434173669467,20.73170731707317,19.632661349149807,18.356030168569657,1.099045967923363,2.375677148503513,E02000704
2.091310751104565,59.12227924261193,2.3969492727917703,7.699828892691274,23.00220750551876,42.24771991762283,9.05861456483126,12.99254526091587,23.3142037302726,22.4902447676481,28.662420382165603,21.527230748861253,20.59041828412886,7.13518963330435,8.072002098036744,E02000663
2.874590408102472,56.39925373134328,2.618654073199528,5.508474576271186,27.138599105812222,30.563002680965145,5.128205128205128,9.921259842519683,30.990685859441157,6.419850334777472,11.76470588235294,14.83299776968546,16.438982098779046,-3.068291887332519,-4.674276216426106,E02000272
2.843647580489685,49.69515839808727,2.5642042637580564,8.516177017478617,28.7820389285026,41.84096385542168,10.161090458488228,14.098116947472745,28.1875915974597,25.08676251859197,20.0,19.82760339046584,22.05671775459319,0.17239660953416092,-2.0567177545931905,E02000050
3.176522312596175,67.0302856322664,2.504415011037528,4.477301124531445,23.784378437843785,17.161389621811786,2.6206896551724137,7.418643132928847,25.865880619012525,7.312362030905077,9.30232558139535,11.22974103069367,9.69005486377801,-1.927415449298321,-0.38772928238266147,E02000788
2.8017482909335425,36.78981248250769,2.903130148270181,8.52575488454707,29.58566629339306,75.53465457395589,13.179571663920925,16.56239710240369,30.851063829787236,7.540335857754362,23.7012987012987,24.346388839100538,24.312145611369182,-0.6450901378018372,-0.6108469100704816,E02000202
2.697201017811705,40.27119751674563,2.705222572730459,9.07436297451898,28.90019071837254,48.29076121489389,12.084063047285465,17.63056431826148,28.241262683201807,50.29772329246936,29.365079365079367,24.292931898056747,25.393918518362636,5.072147467022621,3.9711608467167316,E02000324
2.021465041158695,54.01560926485398,2.4792156862745096,6.718255364052057,23.51100448524043,55.81613508442776,14.640522875816997,8.893539105414595,14.723926380368098,29.602510460251047,25.43352601156069,23.605772667929692,23.309847839718216,1.8277533436309987,2.1236781718424744,E02000886
2.416042522348393,46.617519514310494,2.490018148820327,5.106085334576824,31.779200386520117,28.90096618357488,3.933434190620273,7.587666263603386,40.58229352346999,5.898366606170599,11.16751269035533,15.355978103318673,13.89928242981316,-4.1884654129633425,-2.73176973945783,E02000500
3.5126971697057834,33.43576236464735,2.762274704785581,10.177819372952737,28.660994178235555,62.59935072204187,13.530326594090203,24.02113113735239,29.75167144221585,35.083903045369794,24.20212765957447,26.007531291968945,25.40878978038755,-1.8054036323944764,-1.2066621208130819,E02000682
1.3050183888954798,65.70858283433134,1.9415954415954413,7.493907392363932,30.712676390371165,42.101518026565465,7.728894173602854,7.154742096505824,11.08786610878661,13.383958234456571,23.214285714285715,20.00513318239431,24.400941653991122,3.209152531891405,-1.1866559397054068,E02000976
2.283849918433932,57.199900174694285,2.349712368168744,6.144662921348314,23.63135895606076,39.72686506318793,8.992805755395683,16.235011990407674,14.485981308411214,33.093525179856115,17.410714285714285,22.742032341039476,22.86794783532238,-5.331318055325191,-5.457233549608095,E02000642
2.065283976546775,51.75646551724138,2.565622161671208,6.467513069454816,22.621860505819548,45.22309711286089,14.301929625425652,11.527115951894713,33.58840112766814,14.168937329700274,23.12925170068027,22.299375573609453,22.10605584270569,0.8298761270708184,1.0231958579745815,E02000910
2.5440528634361232,48.859576806815056,2.519230769230769,6.170752324598478,28.040057224606574,35.74650676642095,8.647140864714087,12.701949860724234,36.025848142164776,9.420289855072465,18.75,18.739906583585803,18.973155115466465,0.01009341641419681,-0.22315511546646505,E02000034
2.8316133903850997,46.96450809464508,2.885932944606414,5.365610182181183,30.435878054925677,41.13126732174352,3.4671532846715327,10.10211524434719,35.23219814241486,3.462099125364432,13.621262458471762,15.47682455729732,18.207401160918383,-1.8555620988255583,-4.586138702446622,E02000032
1.647058823529412,68.28220858895706,2.1241159023499887,4.19672131147541,21.887678838351484,28.28013237963062,5.131128848346636,6.867442391056354,18.63136863136863,12.736818078064369,19.230769230769237,18.00039355635224,16.829861658778086,1.2303756744169974,2.4009075719911515,E02000936
3.2551968155683326,53.56567747872095,2.6059204440333024,4.771505376344086,24.252609234035024,20.37315412503316,4.624277456647398,11.45303100416474,30.48957828405235,11.329479768786127,10.80332409972299,14.676681790465558,12.988667544785512,-3.8733576907425675,-2.1853434450625215,E02000798
2.87183883411916,42.94662309368192,2.719426565242832,8.0625,27.29416809605489,67.46057289990345,17.39766081871345,14.076675446297925,36.541811846689896,17.34932709186659,27.61506276150628,23.42205236187288,22.83896658707001,4.193010399633401,4.776096174436269,E02000459
2.351834430856068,55.53463855421686,2.3520952144805354,8.213552361396303,27.27272727272727,36.25535471737541,9.417596034696404,15.16728624535316,13.422818791946307,36.92956349206349,16.299559471365637,21.817048878156324,22.61263952464045,-5.517489406790688,-6.313080053274813,E02000555
1.858736059479554,38.23785477973185,2.592378752886836,10.638852672750977,28.346690412585332,46.11845034881995,16.602316602316602,20.369657296881016,28.94259818731118,34.734001542020046,34.85714285714286,28.134338793743765,27.63528361975864,6.722804063399096,7.221859237384223,E02000406
2.1541081311196253,33.694083694083695,3.257437070938215,7.885575904343877,26.348936170212767,80.06808510638298,24.74964234620887,11.956521739130435,24.667836550513915,12.128146453089244,25.830258302583022,27.76268579856319,23.68874786074355,-1.9324274959801677,2.141510441839472,E02000112
2.602821378899265,31.548355181795696,2.6367924528301887,5.300420972062763,28.439455647164003,30.89842973563904,5.118110236220472,11.891042430591932,39.03603994789405,6.317169069462647,25.657894736842103,19.536225461899452,19.760582331617297,6.121669274942651,5.897312405224806,E02000080
1.9696160012214676,53.77538937972493,2.3972829080227647,7.8226208271051325,22.528437285288955,57.99801481255249,14.967860422405876,12.706573632023504,34.340382678751254,29.313509544787077,25.075528700906347,24.754484064833186,25.453976702305003,0.3210446360731609,-0.378448001398656,E02000747
1.795249493647579,57.63287671232876,2.4494458267360324,5.028519963974783,22.679558011049725,43.96464413958199,10.645526613816534,10.583446404341927,28.451882845188287,14.70255598280932,19.672131147540984,21.446871407344755,20.06854116856345,-1.774740259803771,-0.39641002102246503,E02000957
2.665660756947064,25.356527190095598,2.586644951140065,4.281636536631779,27.327553712777984,16.323455549974884,4.390243902439024,11.530944625407166,35.245046923879045,4.006514657980456,19.696969696969692,19.347617231953148,20.631472177234222,0.34935246501654404,-0.9345024802645305,E02000085
1.9204178829313256,62.23384385506164,2.195519348268839,5.171475231355471,25.764326317406667,24.53554429602334,4.584040747028863,9.667571234735414,30.303030303030305,25.15274949083503,19.26605504587156,17.682838169041094,18.596374118155335,1.5832168768304662,0.6696809277162252,E02000328
1.8387377313952045,58.81239994178431,2.1873300706905927,7.040895061728395,20.903674280039723,46.97345571818408,11.956521739130435,13.057671381936888,14.918032786885249,35.009513454743136,27.87878787878788,24.865856936517144,26.183256137005156,3.012930942270735,1.6955317417827231,E02000361
2.090918547799854,34.87283310135392,2.393633148054573,4.847870182555781,30.93330558734783,24.352439404972436,4.166666666666666,11.040929762506316,49.44388270980789,10.409297625063164,22.16981132075472,19.007896413628306,16.491798799905148,3.161914907126416,5.678012520849574,E02000475
2.657151533556028,33.321005917159766,2.550814584949573,4.124365482233502,34.28441341629989,10.471998785855211,1.1650485436893203,5.937136204889407,47.53954305799649,1.9014357780364768,16.666666666666664,13.201320217164874,13.364334422062422,3.4653464495017907,3.3023322446042425,E02000482
2.5458953931416697,34.0151429540061,2.9078880407124683,7.657021877205364,27.52404887771904,59.334373374935,14.631043256997456,15.873823454591706,47.08879184861718,13.282442748091604,23.961661341853038,24.034444220616013,24.50002210143042,-0.0727828787629754,-0.5383607595773832,E02000003
2.908142799839551,36.53503184713376,2.813348743137821,10.120431016268752,31.26817042606516,63.63636363636363,17.316017316017316,18.110918544194107,21.54195011337869,25.736568457538997,21.92192192192192,25.323497338406487,26.047379682333126,-3.4015754164845653,-4.125457760411205,E02000103
3.689480181045124,29.59202857680015,3.4431166347992352,10.411140583554376,31.55153508771929,82.51815317166735,26.555023923444978,18.255869669381887,35.22292993630573,25.358166189111746,26.666666666666668,25.401995154324307,25.327099144354555,1.2646715123423604,1.3395675223121124,E02000715
1.8783412801618264,69.60027448962086,2.1218836565096955,4.7184509236590255,19.25744004622941,24.01734104046243,5.238828967642527,7.940904893813482,14.201183431952662,12.865497076023392,13.28125,18.021129388150147,17.475068389817874,-4.739879388150147,-4.193818389817874,E02000430
3.58161960051166,31.703723546745245,2.7293989665488168,8.383361921097771,27.594687653713724,48.99645808736718,15.918367346938776,22.15568862275449,44.936708860759495,42.21980413492928,25.675675675675677,24.564548162180877,26.701614781039165,1.1111275134948002,-1.0259391053634879,E02000007
2.739425816348893,64.37899416504584,2.626670540383498,4.545454545454546,29.963859380133613,30.084328113021574,3.0523255813953485,7.526881720430108,19.907763259031512,6.044754431851207,11.267605633802818,12.530138105350204,12.317608271804975,-1.2625324715473862,-1.050002638002157,E02000056
3.083122481491894,30.341309364751613,3.337735849056604,9.476605868358446,29.86416861826698,81.27986508010868,17.480314960629922,11.649874055415616,27.91696492483894,7.452830188679245,26.47814910025707,23.506770194754154,24.440584160000462,2.9713789055029167,2.0375649402566083,E02000514
2.516021837170662,45.91223324316201,2.698550724637681,7.064064488756894,23.038575667655785,47.70838280693422,10.466988727858292,13.977455716586151,40.123456790123456,14.028314028314028,18.79432624113475,21.738259274824667,22.393130577042207,-2.943933033689916,-3.598804335907456,E02000904
1.958508631945452,55.93515774795189,2.570254110612855,5.339684131361244,25.34475250399187,48.89695210449928,11.02803738317757,15.651849084796412,23.893805309734518,22.34678624813154,22.167487684729064,22.937360107691937,23.38455387918592,-0.7698724229628731,-1.217066194456855,E02000955
2.145467405399033,30.55918663761801,2.4494642339994206,4.543419874664279,28.51410362327393,14.521646809012625,3.4782608695652173,11.3682383569569,45.17045454545455,5.725853094274147,20.48780487804878,19.182259964738844,18.02780674783553,1.3055449133099373,2.4599981302132505,E02000485
2.458416152317188,40.88317199310436,3.2173465889612616,6.397774687065369,26.24973854842083,63.27896277708072,21.269296740994854,13.104631217838769,42.399658411614006,13.712718546451836,23.64864864864865,23.426247717728096,22.415549985934696,0.22240093092055346,1.233098662713953,E02000099
1.7520661157024793,60.727838863481566,2.111892097264437,8.104902477596204,22.26171778126808,43.887510339123246,8.633776091081593,13.651034744636414,24.13327330031517,32.542244161761914,24.113475177304963,23.593473527202093,24.432789375271582,0.5200016501028699,-0.3193141979666194,E02006928
3.80716934487021,58.792184724689164,2.721212121212121,4.722843649018146,26.813295440504135,26.65184636285044,3.87858347386172,9.531828898619064,27.08333333333333,7.272727272727272,11.724137931034482,11.333727010737014,12.927291549542872,0.3904109202974677,-1.2031536185083898,E02000598
3.1741797812750066,24.622512010981467,2.8202331703647987,7.593553673859602,28.90281295827223,36.529741264337154,10.150375939849624,20.87870822380773,36.82864450127877,37.39653875094056,27.155172413793103,24.082030066340273,24.095803790953276,3.07314234745283,3.059368622839827,E02000225
1.754932502596054,57.32784702892412,2.2149882903981264,9.048760991207034,20.849340670750703,49.4861413889754,11.228070175438596,15.355805243445692,12.51706873008648,40.87078651685393,29.126213592233007,26.54409520644063,30.351538727341417,2.582118385792377,-1.2253251351084096,E02000624
1.8450976185367949,60.631018753167766,2.2104888467014714,4.936646371564917,19.431330472103003,37.32704065215059,10.438908659549227,11.86802753382388,17.06183170618317,23.540579022306595,24.22680412371134,22.753211183158605,22.224238237752044,1.4735929405527344,2.002565885959296,E02000940
2.9593871340119637,44.070470681041286,2.5553750338478203,5.467625899280575,28.803948335608524,39.04001680495746,6.639566395663957,12.134344528710724,41.66666666666667,18.94451962110961,17.551020408163264,17.97980881712573,18.384539361448912,-0.42878840896246473,-0.8335189532856475,E02000497
2.733604941516625,46.322430682384194,2.4599416153097637,4.287454323995128,25.187229010642493,19.492972546959148,4.538087520259319,10.311284046692606,28.63247863247863,8.813998703823719,13.917525773195877,16.88287585997113,14.14370646015987,-2.9653500867752527,-0.22618068696399263,E02000854
2.443550881534179,46.66411042944785,2.555555555555556,5.523809523809524,31.996283103608487,30.25236104660164,4.3737574552683895,10.828025477707008,41.437802907916,5.774591796097173,18.497109826589597,16.234599371316303,17.37989308256921,2.2625104552732935,1.1172167440203857,E02000026
2.423283000487092,36.59625111573936,2.4697380307136405,4.550898203592815,31.03070175438597,16.640272871238885,2.2590361445783134,8.127633955448525,41.26597687157639,5.001506477854775,14.349775784753364,15.98263335701592,14.976046217827834,-1.632857572262557,-0.6262704330744704,E02000087
3.170604586518416,34.166195590729224,3.445424141076315,7.714915503306392,29.55789107964909,74.13553431798437,17.17325227963526,11.854103343465043,41.38719512195122,12.226277372262777,25.40106951871658,21.319049544959174,23.88822950202736,4.082019973757404,1.5128400166892177,E02000012
2.9931305201177625,47.47243603078844,2.5606252640473173,6.884758364312267,23.621338569792176,42.539267015706805,11.733615221987314,14.659907055344318,25.836298932384345,22.90479206248681,22.443181818181817,21.366256103042105,22.947049656594967,1.076925715139712,-0.5038678384131501,E02000539
3.5227691174665523,33.20281910728269,2.789166952348303,4.05559352927774,24.54243950374647,28.8487529180489,4.631217838765009,10.010284538909838,24.596391263057928,2.2329096530401924,16.129032258064516,16.9811622096433,18.16842099790191,-0.8521299515787852,-2.0393887398373955,E02000848
2.787892580791989,45.04915230089757,2.442313038643314,11.391358279925573,24.81220122922832,65.09326660600546,18.915159944367176,21.742761692650333,21.479713603818613,53.44827586206896,25.874125874125877,29.139538320032514,28.596638711891043,-3.2654124459066374,-2.7225128377651657,E02000654
2.3201251303441084,51.07073329007138,2.336893500152579,8.379120879120878,23.431180691454664,43.683111459149046,9.298780487804878,18.02076970067196,31.432274789371355,35.36771437290204,25.615763546798032,24.12275962564957,24.070519801385444,1.4930039211484605,1.5452437454125878,E02000650
2.5019098548510312,48.69521787988513,2.8771349862258955,6.727303929981122,20.834526878640315,45.07257448433919,12.96551724137931,13.230429988974644,39.9912778020061,18.37465564738292,23.853211009174316,21.518849540540288,22.665005704152303,2.334361468634029,1.188205305022013,E02000905
2.01764417578827,31.738777168393256,3.2646815550041355,7.415553809897879,28.43954248366013,85.35250388040193,27.310344827586206,13.292884721456147,23.070824524312897,13.978494623655912,18.41269841269841,29.315779049600245,23.159017956901764,-10.903080636901834,-4.746319544203352,E02000121
2.8422203328069964,41.373456790123456,2.5537449075524914,8.289786223277911,27.59164845836368,44.73045167557066,9.733124018838303,15.794421811344408,31.981519507186857,35.50611093701034,25.0,22.363182767613452,23.58167036516175,2.636817232386548,1.4183296348382513,E02000331
1.787657391574693,60.025085110195306,1.9729314057213163,8.03549420754252,23.68666459434256,37.15617715617716,9.37019969278034,9.966164257151643,13.142857142857142,27.16923076923077,19.19191919191919,22.362488054321762,22.825870756000924,-3.170568862402572,-3.633951564081734,E02000378
2.453209262979803,48.10110174983798,2.6587098607558968,4.11829134720701,33.34390527539909,34.92600422832981,4.261363636363636,10.943718021603184,45.25633470830879,11.224779766979257,21.73913043478261,15.745809831259468,18.67286040828727,5.993320603523141,3.0662700264953386,E02000030
3.406963684013478,45.4759898904802,2.934589800443459,7.452928870292887,26.332210158492448,32.05288101771015,9.814814814814817,10.650887573964498,23.47525891829689,7.837338262476895,15.384615384615383,16.357867324420443,18.790291576377093,-0.9732519398050599,-3.40567619176171,E02000057
2.9403902699812883,54.62651413189771,2.452724885095207,6.63229435200375,22.432901588997197,56.2191048764195,14.12151067323481,20.0919238345371,14.263959390862944,45.63361785948785,28.04232804232804,25.342496415542158,26.05945893797463,2.6998316267858833,1.9828691043534121,E02000833
1.983902051921551,77.2176851591101,2.52883787661406,3.5273972602739727,14.382862971778309,17.226128373780902,3.443328550932568,5.625717566016074,16.381082933516105,8.433734939759036,13.953488372093023,14.765883229504652,14.7773268980485,-0.8123948574116291,-0.8238385259554768,E02000931
2.225329138995689,54.16245851969413,2.4649327878433667,6.968063044379925,24.563649057481964,41.03339927848248,9.197080291970805,13.876716330704062,22.142857142857142,18.848626534190533,22.0,21.53964689943828,21.191086450842146,0.4603531005617185,0.8089135491578539,E02000647
2.804288912454342,39.67510610273672,2.3898596390719,4.381188118811881,32.89334119033588,28.025928108426637,5.300859598853868,10.627327413348612,28.636106395019805,13.447782546494992,21.73913043478261,17.296417167991898,15.75124262004176,4.442713266790712,5.98788781474085,E02000859
2.247191011235955,37.23831970054069,2.496067415730337,9.654029417857885,26.783507471070667,57.43987412901775,11.51685393258427,21.781899943788645,34.96168582375479,26.994382022471907,27.00729927007299,27.73274789255592,26.691756898529693,-0.7254486224829293,0.3155423715432981,E02000207
2.835749561892624,37.494957644211375,2.750565866908103,8.962264150943396,25.03583373148591,45.64732142857143,18.510158013544014,18.902991840435178,37.89746917585983,23.2579185520362,20.418848167539267,24.94734244768289,26.185871354194287,-4.528494280143622,-5.76702318665502,E02000748
2.867931313494561,33.07942197826817,2.6470728224654927,4.442901770218674,28.512322360136714,22.540282653704207,2.976190476190476,9.437559580552907,36.22013651877133,4.310550130983567,15.5893536121673,16.756739150865553,17.432553564921385,-1.1673855386982517,-1.8431999527540839,E02000084
1.9413092550790063,67.4807539155827,2.2551513609768508,4.6294567855142805,24.56021650879567,22.649379932356258,4.325699745547073,6.513994910941475,22.36180904522613,10.10692464358452,19.130434782608692,15.522168707991483,14.005483193999128,3.608266074617209,5.124951588609564,E02000933
1.781779863971645,58.83601429848079,2.123212096444626,6.423173803526448,24.877815045519885,30.64469776798544,7.967313585291114,13.039035356631922,11.315646995127231,40.25337147527585,18.51851851851852,22.57096405911103,22.12373800424882,-4.052445540592512,-3.605219485730302,E02000567
1.1311642094560244,61.56280093547943,1.7805738476011288,6.92359399507058,35.62182741116751,38.858592263792005,7.873090481786134,6.395485539619092,11.332007952286284,27.78952313836035,24.59016393442623,20.394026553722636,23.020550182050982,4.196137380703593,1.569613752375247,E02000972
3.125,31.074168797953966,3.00807657792402,7.288205980066445,29.70727848101265,55.76542721518988,13.004484304932737,19.462686567164177,30.60805258833196,8.28597068501346,25.82417582417583,23.352457330943793,24.634476424675118,2.4717184932320357,1.1896993995007108,E02000307
2.910841164336466,51.55359179019384,2.652756150731859,4.0859707132735,31.88439041174447,36.09772883688919,3.421461897356143,6.915887850467289,35.07788161993769,2.428393524283935,13.48314606741573,13.196126838335818,13.370211033549174,0.2870192290799114,0.11293503386655601,E02006836
